,dl_vn,dl,dl_er,dl_er_c1,dlq,dlq_er,dlq_er_c2,centroid
sun,1751691.9312034575,1751691.9312034575,1751700.2134953353,1751711.1670628735,0.0,0.0,8.422428715589798e-05,4834862906370.335
jupiter,16638.66898429837,26267.43382893703,16638.669004972995,16638.669993237483,199.7798346564878,245.18742692138514,245.18742692145614,6310334050876.004
saturn,5981.174942382577,11204.939932439545,5981.174944184169,5981.175071889503,96.95830615572703,97.48118928491935,97.48118928492276,7368075658683.19
uranus,2097.3932242792303,7792.682674664365,2097.3932243391364,2097.393240042611,0.7956578705496254,7.012487428309188,7.012487428309188,5934351422850.881
neptune,2548.71396309358,11338.941967171446,2548.713963164353,2548.71398635315,5.153925852095372,8.693663328622849,8.69366332862319,4280986092320.537
bh_7m,121985406.69710824,121985406.69710824,121985406.69707626,122038525.92836125,1797576.9530883513,1797576.9530876384,1797605.3965270114,-19181.62871973754
bh_20m,348529733.4203092,348529733.4203092,348529733.4202179,348963359.7980547,5135934.151681003,5135934.151678986,5136597.5555127105,-49526.74438603912
pl_1j,49916.006967683636,49916.006967683636,49916.006967670575,49916.01586205095,735.5622786756896,735.5622786754033,735.562278677347,-444.5300635229462
