,dl_vn,dl,dl_er,dl_er_c1,dlq,dlq_er,dlq_er_c2,centroid
sun,1751691.9312035663,1751691.9312035663,1751700.2134953353,1751711.1670628735,0.0,0.0,8.422428715589798e-05,4834862795434.246
jupiter,16638.668984298372,26267.433828937053,16638.669004972995,16638.669993237483,199.7798346564878,245.18742692138514,245.18742692145614,6310333274556.772
saturn,5981.174942382577,11204.93993243955,5981.174944184169,5981.175071889503,96.95830615572703,97.48118928491935,97.48118928492276,7368073275251.075
uranus,2097.3932242792303,7792.682674664361,2097.3932243391364,2097.393240042611,0.7956578705496254,7.012487428309188,7.012487428309188,5934348670197.324
neptune,2548.71396309358,11338.94196717145,2548.713963164353,2548.71398635315,5.153925852095372,8.693663328622849,8.69366332862319,4280983043593.0537
bh_7m,43922.310477565195,43922.310477565195,43922.31047756561,43922.31736418974,8.391109502479395e-05,8.391109756854615e-05,8.391242429604866e-05,275521601545.31024
bh_20m,127943.49711864181,127943.49711864181,127943.49711865246,127943.55555357317,0.0002540707071623956,0.0002540706971965115,0.0002541035214176847,275052675615.41925
pl_1j,551.1240117955226,551.1240117955226,551.1240117955213,551.1240128797843,0.0009900290517396821,0.0009900290517189962,0.0009900290517189962,-202.89928139477186
