,dl_vn,dl,dl_er,dlq,dlq_er,centroid
sun,1751691.9311947552,1751691.9311947552,1751711.1670628735,0.0,8.422428715589798e-05,8783496216.742561
jupiter,16638.66898429823,26267.433828935074,16638.669993237483,199.7798346564878,245.18742692145614,6933128727.067354
saturn,5981.174942382557,11204.93993243912,5981.175071889503,96.95830615572703,97.48118928492276,5957537255.810435
uranus,2097.39322427923,7792.682674664319,2097.393240042611,0.7956578705496254,7.012487428309188,7208179813.39715
neptune,2548.713963093581,11338.941967171404,2548.71398635315,5.153925852095372,8.69366332862319,9981870494.883543
bh_7m,0.0010335348747298738,0.0010335348747298738,12262394.043157058,180690.72950015776,180690.75838879947,-10750.688841249717
