,dl,dlt,dr
jupiter,199.7017992099626,199.7017992099626,0.00025985095475497506
saturn,95.89196889908152,295.5937681090441,0.00038462509184506116
uranus,0.4228214955316315,296.01658960457576,0.0003851752650019354
neptune,3.6094278032918155,299.62601740786755,0.0003898718339087504
