,dl,dlt,dr
jupiter,199.70179925779055,199.70179925779055,0.0002598509523578886
saturn,95.89196890448146,295.593768162272,0.00038462508827409516
uranus,0.42282149502851357,296.0165896573005,0.00038517526142510777
neptune,3.609427803054917,299.6260174603554,0.0003898718302871646
