,dl,dlt,dlt - sun,dr,dr - sun
sun,1751682.4657340646,1751682.4657340646,0.0,4029.7980713875836,0.0
jupiter,26267.433791668424,1777949.899525733,26267.433791668587,4090.2270909756794,60.42901958809548
saturn,11204.939928616743,1789154.83945435,37472.3737202854,4116.004391483983,86.2063200963993
uranus,7792.682674527019,1796947.522128877,45265.056394812396,4133.931691794992,104.13362040740827
neptune,11338.941967091883,1808286.4640959685,56603.99836190423,4160.017268013519,130.2191966259351
