,dl,dlt,dr
jupiter,199.70179925779055,199.70179925779055,0.037735453254134486
saturn,95.89196890448146,295.593768162272,0.055855104271253786
uranus,0.42282149502851357,296.0165896573005,0.055935000200182765
neptune,3.609427803054916,299.6260174603554,0.05661703408591922
