,dl,dlt,dr
jupiter,199.7017992099626,199.7017992099626,0.4594199811071361
saturn,95.89196889908152,295.5937681090441,0.6800223327846184
uranus,0.4228214955316315,296.01658960457576,0.6809950463217889
neptune,3.6094278032918155,299.62601740786755,0.6892986432836392
