,dl,dlt,dlt - sun,dr,dr - sun
sun,1751682.4657252524,1751682.4657252524,0.0,2.279280199973284,0.0
jupiter,26267.433791666437,1777949.899516919,26267.43379166649,2.3134592494967756,0.03417904952349155
saturn,11204.939928616313,1789154.8394455353,37472.37372028296,2.328039059605574,0.04875885963228973
uranus,7792.682674526973,1796947.5221200623,45265.056394809944,2.338178858154833,0.05889865818154896
neptune,11338.94196709184,1808286.4640871543,56603.99836190178,2.352933031025735,0.07365283105245118
