,dl_vn,dl,dlt,dlt - sun,dr,dr - sun
sun,6001.2,6001.2,6001.2,0.0,3.079232407,0.0
jupiter,0.77,0.77,6001.96,0.77,0.000392717,-3.07883969
saturn,0.13,0.13,6002.09,0.89,6.5185e-05,-3.079167222
uranus,0.01,0.01,6002.1,0.9,4.543e-06,-3.079227864
neptune,0.01,0.01,6002.11,0.91,4.092e-06,-3.079228315
