,dl_vn,dl,dlt,dlt - sun,dr,dr - sun
sun,48092.31,48092.31,48092.31,0.0,197.178474716,0.0
jupiter,0.63,0.63,48092.94,0.63,0.002577295,-197.17589742
saturn,0.07,0.07,48093.01,0.7,0.00030484,-197.178169876
uranus,0.01,0.01,48093.02,0.71,2.2044e-05,-197.178452672
neptune,0.01,0.01,48093.03,0.72,5.2808e-05,-197.178421908
