,dl_vn,dl,dlt,dlt - sun,dr,dr - sun
sun,2491.05,2491.05,2491.05,0.0,0.250569969,0.0
jupiter,4.09,4.09,2495.14,4.09,0.000411516,-0.250158453
saturn,0.49,0.49,2495.64,4.58,4.949e-05,-0.250520479
uranus,0.04,0.04,2495.68,4.63,4.364e-06,-0.250565605
neptune,0.01,0.01,2495.69,4.64,8.73e-07,-0.250569095
